-- phpMyAdmin SQL Dump
-- version 5.2.1
-- https://www.phpmyadmin.net/
--
-- Servidor: 127.0.0.1
-- Tiempo de generación: 25-05-2025 a las 04:09:33
-- Versión del servidor: 10.4.32-MariaDB
-- Versión de PHP: 8.2.12

DROP DATABASE IF EXISTS `sigecabd`;
CREATE DATABASE `sigecabd`;
USE `sigecabd`;

SET SQL_MODE = "NO_AUTO_VALUE_ON_ZERO";
START TRANSACTION;
SET time_zone = "+00:00";

/*!40101 SET @OLD_CHARACTER_SET_CLIENT=@@CHARACTER_SET_CLIENT */;
/*!40101 SET @OLD_CHARACTER_SET_RESULTS=@@CHARACTER_SET_RESULTS */;
/*!40101 SET @OLD_COLLATION_CONNECTION=@@COLLATION_CONNECTION */;
/*!40101 SET NAMES utf8mb4 */;

--
-- Base de datos: `sigecabd`
--

-- --------------------------------------------------------

--
-- Estructura de tabla para la tabla `alumnos`
--

CREATE TABLE `alumnos` (
  `id_alumno` int(11) NOT NULL,
  `id_grupo` int(11) DEFAULT NULL,
  `esta_sabatinos` tinyint(1) DEFAULT 0
) ENGINE=InnoDB DEFAULT CHARSET=utf8mb4 COLLATE=utf8mb4_general_ci;

--
-- Volcado de datos para la tabla `alumnos`
--

INSERT INTO `alumnos` (`id_alumno`, `id_grupo`, `esta_sabatinos`) VALUES
(20250020, 8, 0),
(20250021, 8, 0),
(20250022, 8, 0),
(20250023, 8, 0),
(20250024, 8, 0),
(20250025, 8, 0),
(20250026, 8, 0),
(20250027, 8, 0),
(20250028, 8, 0),
(20250029, 8, 0),
(20250030, 8, 0),
(20250031, 8, 0),
(20250032, 8, 0),
(20250033, 8, 0),
(20250034, 8, 0),
(20250035, 8, 0),
(20250036, 8, 0),
(20250037, 8, 0),
(20250038, 8, 1),
(20250039, 8, 0),
(20250040, 8, 1),
(20250041, 8, 1),
(20250042, 8, 1),
(20250043, 8, 1),
(20250044, 8, 1),
(20250045, 8, 1),
(20250046, 8, 1),
(20250047, 8, 1),
(20250048, 8, 1),
(20250049, 8, 1),
(20250050, 8, 1),
(20250051, 8, 1),
(20250052, 8, 1),
(20250053, 8, 1),
(20250054, 8, 1),
(20250055, 8, 1);

-- --------------------------------------------------------

--
-- Estructura de tabla para la tabla `asignaturas`
--

CREATE TABLE `asignaturas` (
  `id_asignatura` int(11) NOT NULL,
  `nombre_asignatura` varchar(50) DEFAULT NULL,
  `creditos` int(11) DEFAULT NULL
) ENGINE=InnoDB DEFAULT CHARSET=utf8mb4 COLLATE=utf8mb4_general_ci;

--
-- Volcado de datos para la tabla `asignaturas`
--

INSERT INTO `asignaturas` (`id_asignatura`, `nombre_asignatura`, `creditos`) VALUES
(1, 'Comunicación oral y escrita', 3),
(2, 'Ecología y medio ambiente', 4),
(3, 'Matemáticas II', 4),
(4, 'Comunicación digital', 2),
(5, 'Historia contemporánea de México', 4),
(6, 'TI', 3),
(7, 'Español II', 4),
(8, 'Lógica y argumentación', 3),
(9, 'Gestión emocional', 2),
(10, 'Pensamiento crítico I', 1),
(11, 'Tutoría', 1),
(12, 'Matemáticas IV', 3),
(13, 'Historia del diseño', 2),
(14, 'Metodología', 3),
(15, 'Optativa', 2),
(16, 'Filosofía', 2),
(17, 'Lectura y redacción', 4),
(18, 'Historia', 3),
(19, 'Educación física', 2),
(20, 'Ciencias sociales', 2),
(21, 'Inglés II', 4),
(22, 'Ciencias de la salud II', 2),
(23, 'Orientación vocacional', 2),
(24, 'Inglés IV', 4),
(25, 'Ecología', 2),
(26, 'Comunicación visual', 2),
(27, 'Ilustración vectorial', 4),
(28, 'Fotografía y edición', 5),
(29, 'Diseño digital II', 3),
(30, 'Gestión de marca', 5),
(31, 'Portafolio profesional', 3),
(32, 'Producción audiovisual', 4),
(33, 'Ética profesional', 2),
(34, 'Animación II', 4),
(35, 'Mercadotecnia y diseño', 3),
(36, 'Desarrollo web I', 4),
(37, 'Estructura de datos', 3),
(38, 'Lógica computacional', 4),
(39, 'Historia del software', 3),
(40, 'Base de datos II', 3),
(41, 'Desarrollo web II', 5),
(42, 'Gestión de proyectos', 3),
(43, 'Inteligencia artificial', 5),
(44, 'Ciberseguridad', 2),
(45, 'Administración web', 3),
(46, 'Historia universal', 3),
(47, 'Ciencias políticas', 2),
(48, 'Ciencias ambientales', 2);

-- --------------------------------------------------------

--
-- Estructura de tabla para la tabla `calificaciones`
--

CREATE TABLE `calificaciones` (
  `id_calificacion` int(11) NOT NULL,
  `id_alumno` int(11) DEFAULT NULL,
  `id_asignatura` int(11) DEFAULT NULL,
  `parcial` enum('1','2','3') DEFAULT NULL,
  `nota` decimal(3,1) DEFAULT 0.0
) ENGINE=InnoDB DEFAULT CHARSET=utf8mb4 COLLATE=utf8mb4_general_ci;

--
-- Volcado de datos para la tabla `calificaciones`
--

INSERT INTO `calificaciones` (`id_calificacion`, `id_alumno`, `id_asignatura`, `parcial`, `nota`) VALUES
(1, 20250020, 45, '1', 0.0),
(2, 20250020, 45, '2', 0.0),
(3, 20250020, 45, '3', 0.0),
(4, 20250020, 44, '1', 0.0),
(5, 20250020, 44, '2', 0.0),
(6, 20250020, 44, '3', 0.0),
(7, 20250020, 41, '1', 0.0),
(8, 20250020, 41, '2', 0.0),
(9, 20250020, 41, '3', 0.0),
(10, 20250020, 33, '1', 0.0),
(11, 20250020, 33, '2', 0.0),
(12, 20250020, 33, '3', 0.0),
(13, 20250020, 42, '1', 0.0),
(14, 20250020, 42, '2', 0.0),
(15, 20250020, 42, '3', 0.0),
(16, 20250020, 24, '1', 0.0),
(17, 20250020, 24, '2', 0.0),
(18, 20250020, 24, '3', 0.0),
(19, 20250020, 43, '1', 0.0),
(20, 20250020, 43, '2', 0.0),
(21, 20250020, 43, '3', 0.0),
(22, 20250020, 15, '1', 0.0),
(23, 20250020, 15, '2', 0.0),
(24, 20250020, 15, '3', 0.0),
(25, 20250020, 11, '1', 0.0),
(26, 20250020, 11, '2', 0.0),
(27, 20250020, 11, '3', 0.0),
(28, 20250021, 45, '1', 0.0),
(29, 20250021, 45, '2', 0.0),
(30, 20250021, 45, '3', 0.0),
(31, 20250021, 44, '1', 0.0),
(32, 20250021, 44, '2', 0.0),
(33, 20250021, 44, '3', 0.0),
(34, 20250021, 41, '1', 0.0),
(35, 20250021, 41, '2', 0.0),
(36, 20250021, 41, '3', 0.0),
(37, 20250021, 33, '1', 0.0),
(38, 20250021, 33, '2', 0.0),
(39, 20250021, 33, '3', 0.0),
(40, 20250021, 42, '1', 0.0),
(41, 20250021, 42, '2', 0.0),
(42, 20250021, 42, '3', 0.0),
(43, 20250021, 24, '1', 0.0),
(44, 20250021, 24, '2', 0.0),
(45, 20250021, 24, '3', 0.0),
(46, 20250021, 43, '1', 0.0),
(47, 20250021, 43, '2', 0.0),
(48, 20250021, 43, '3', 0.0),
(49, 20250021, 15, '1', 0.0),
(50, 20250021, 15, '2', 0.0),
(51, 20250021, 15, '3', 0.0),
(52, 20250021, 11, '1', 0.0),
(53, 20250021, 11, '2', 0.0),
(54, 20250021, 11, '3', 0.0),
(55, 20250022, 45, '1', 0.0),
(56, 20250022, 45, '2', 0.0),
(57, 20250022, 45, '3', 0.0),
(58, 20250022, 44, '1', 0.0),
(59, 20250022, 44, '2', 0.0),
(60, 20250022, 44, '3', 0.0),
(61, 20250022, 41, '1', 0.0),
(62, 20250022, 41, '2', 0.0),
(63, 20250022, 41, '3', 0.0),
(64, 20250022, 33, '1', 0.0),
(65, 20250022, 33, '2', 0.0),
(66, 20250022, 33, '3', 0.0),
(67, 20250022, 42, '1', 0.0),
(68, 20250022, 42, '2', 0.0),
(69, 20250022, 42, '3', 0.0),
(70, 20250022, 24, '1', 0.0),
(71, 20250022, 24, '2', 0.0),
(72, 20250022, 24, '3', 0.0),
(73, 20250022, 43, '1', 0.0),
(74, 20250022, 43, '2', 0.0),
(75, 20250022, 43, '3', 0.0),
(76, 20250022, 15, '1', 0.0),
(77, 20250022, 15, '2', 0.0),
(78, 20250022, 15, '3', 0.0),
(79, 20250022, 11, '1', 0.0),
(80, 20250022, 11, '2', 0.0),
(81, 20250022, 11, '3', 0.0),
(82, 20250023, 45, '1', 0.0),
(83, 20250023, 45, '2', 0.0),
(84, 20250023, 45, '3', 0.0),
(85, 20250023, 44, '1', 0.0),
(86, 20250023, 44, '2', 0.0),
(87, 20250023, 44, '3', 0.0),
(88, 20250023, 41, '1', 0.0),
(89, 20250023, 41, '2', 0.0),
(90, 20250023, 41, '3', 0.0),
(91, 20250023, 33, '1', 0.0),
(92, 20250023, 33, '2', 0.0),
(93, 20250023, 33, '3', 0.0),
(94, 20250023, 42, '1', 0.0),
(95, 20250023, 42, '2', 0.0),
(96, 20250023, 42, '3', 0.0),
(97, 20250023, 24, '1', 0.0),
(98, 20250023, 24, '2', 0.0),
(99, 20250023, 24, '3', 0.0),
(100, 20250023, 43, '1', 0.0),
(101, 20250023, 43, '2', 0.0),
(102, 20250023, 43, '3', 0.0),
(103, 20250023, 15, '1', 0.0),
(104, 20250023, 15, '2', 0.0),
(105, 20250023, 15, '3', 0.0),
(106, 20250023, 11, '1', 0.0),
(107, 20250023, 11, '2', 0.0),
(108, 20250023, 11, '3', 0.0),
(109, 20250024, 45, '1', 0.0),
(110, 20250024, 45, '2', 0.0),
(111, 20250024, 45, '3', 0.0),
(112, 20250024, 44, '1', 0.0),
(113, 20250024, 44, '2', 0.0),
(114, 20250024, 44, '3', 0.0),
(115, 20250024, 41, '1', 0.0),
(116, 20250024, 41, '2', 0.0),
(117, 20250024, 41, '3', 0.0),
(118, 20250024, 33, '1', 0.0),
(119, 20250024, 33, '2', 0.0),
(120, 20250024, 33, '3', 0.0),
(121, 20250024, 42, '1', 0.0),
(122, 20250024, 42, '2', 0.0),
(123, 20250024, 42, '3', 0.0),
(124, 20250024, 24, '1', 0.0),
(125, 20250024, 24, '2', 0.0),
(126, 20250024, 24, '3', 0.0),
(127, 20250024, 43, '1', 0.0),
(128, 20250024, 43, '2', 0.0),
(129, 20250024, 43, '3', 0.0),
(130, 20250024, 15, '1', 0.0),
(131, 20250024, 15, '2', 0.0),
(132, 20250024, 15, '3', 0.0),
(133, 20250024, 11, '1', 0.0),
(134, 20250024, 11, '2', 0.0),
(135, 20250024, 11, '3', 0.0),
(136, 20250025, 45, '1', 0.0),
(137, 20250025, 45, '2', 0.0),
(138, 20250025, 45, '3', 0.0),
(139, 20250025, 44, '1', 0.0),
(140, 20250025, 44, '2', 0.0),
(141, 20250025, 44, '3', 0.0),
(142, 20250025, 41, '1', 0.0),
(143, 20250025, 41, '2', 0.0),
(144, 20250025, 41, '3', 0.0),
(145, 20250025, 33, '1', 0.0),
(146, 20250025, 33, '2', 0.0),
(147, 20250025, 33, '3', 0.0),
(148, 20250025, 42, '1', 0.0),
(149, 20250025, 42, '2', 0.0),
(150, 20250025, 42, '3', 0.0),
(151, 20250025, 24, '1', 0.0),
(152, 20250025, 24, '2', 0.0),
(153, 20250025, 24, '3', 0.0),
(154, 20250025, 43, '1', 0.0),
(155, 20250025, 43, '2', 0.0),
(156, 20250025, 43, '3', 0.0),
(157, 20250025, 15, '1', 0.0),
(158, 20250025, 15, '2', 0.0),
(159, 20250025, 15, '3', 0.0),
(160, 20250025, 11, '1', 0.0),
(161, 20250025, 11, '2', 0.0),
(162, 20250025, 11, '3', 0.0),
(163, 20250026, 45, '1', 0.0),
(164, 20250026, 45, '2', 0.0),
(165, 20250026, 45, '3', 0.0),
(166, 20250026, 44, '1', 0.0),
(167, 20250026, 44, '2', 0.0),
(168, 20250026, 44, '3', 0.0),
(169, 20250026, 41, '1', 0.0),
(170, 20250026, 41, '2', 0.0),
(171, 20250026, 41, '3', 0.0),
(172, 20250026, 33, '1', 0.0),
(173, 20250026, 33, '2', 0.0),
(174, 20250026, 33, '3', 0.0),
(175, 20250026, 42, '1', 0.0),
(176, 20250026, 42, '2', 0.0),
(177, 20250026, 42, '3', 0.0),
(178, 20250026, 24, '1', 0.0),
(179, 20250026, 24, '2', 0.0),
(180, 20250026, 24, '3', 0.0),
(181, 20250026, 43, '1', 0.0),
(182, 20250026, 43, '2', 0.0),
(183, 20250026, 43, '3', 0.0),
(184, 20250026, 15, '1', 0.0),
(185, 20250026, 15, '2', 0.0),
(186, 20250026, 15, '3', 0.0),
(187, 20250026, 11, '1', 0.0),
(188, 20250026, 11, '2', 0.0),
(189, 20250026, 11, '3', 0.0),
(190, 20250027, 45, '1', 0.0),
(191, 20250027, 45, '2', 0.0),
(192, 20250027, 45, '3', 0.0),
(193, 20250027, 44, '1', 0.0),
(194, 20250027, 44, '2', 0.0),
(195, 20250027, 44, '3', 0.0),
(196, 20250027, 41, '1', 0.0),
(197, 20250027, 41, '2', 0.0),
(198, 20250027, 41, '3', 0.0),
(199, 20250027, 33, '1', 0.0),
(200, 20250027, 33, '2', 0.0),
(201, 20250027, 33, '3', 0.0),
(202, 20250027, 42, '1', 0.0),
(203, 20250027, 42, '2', 0.0),
(204, 20250027, 42, '3', 0.0),
(205, 20250027, 24, '1', 0.0),
(206, 20250027, 24, '2', 0.0),
(207, 20250027, 24, '3', 0.0),
(208, 20250027, 43, '1', 0.0),
(209, 20250027, 43, '2', 0.0),
(210, 20250027, 43, '3', 0.0),
(211, 20250027, 15, '1', 0.0),
(212, 20250027, 15, '2', 0.0),
(213, 20250027, 15, '3', 0.0),
(214, 20250027, 11, '1', 0.0),
(215, 20250027, 11, '2', 0.0),
(216, 20250027, 11, '3', 0.0),
(217, 20250028, 45, '1', 0.0),
(218, 20250028, 45, '2', 0.0),
(219, 20250028, 45, '3', 0.0),
(220, 20250028, 44, '1', 0.0),
(221, 20250028, 44, '2', 0.0),
(222, 20250028, 44, '3', 0.0),
(223, 20250028, 41, '1', 0.0),
(224, 20250028, 41, '2', 0.0),
(225, 20250028, 41, '3', 0.0),
(226, 20250028, 33, '1', 0.0),
(227, 20250028, 33, '2', 0.0),
(228, 20250028, 33, '3', 0.0),
(229, 20250028, 42, '1', 0.0),
(230, 20250028, 42, '2', 0.0),
(231, 20250028, 42, '3', 0.0),
(232, 20250028, 24, '1', 0.0),
(233, 20250028, 24, '2', 0.0),
(234, 20250028, 24, '3', 0.0),
(235, 20250028, 43, '1', 0.0),
(236, 20250028, 43, '2', 0.0),
(237, 20250028, 43, '3', 0.0),
(238, 20250028, 15, '1', 0.0),
(239, 20250028, 15, '2', 0.0),
(240, 20250028, 15, '3', 0.0),
(241, 20250028, 11, '1', 0.0),
(242, 20250028, 11, '2', 0.0),
(243, 20250028, 11, '3', 0.0),
(244, 20250029, 45, '1', 0.0),
(245, 20250029, 45, '2', 0.0),
(246, 20250029, 45, '3', 0.0),
(247, 20250029, 44, '1', 0.0),
(248, 20250029, 44, '2', 0.0),
(249, 20250029, 44, '3', 0.0),
(250, 20250029, 41, '1', 0.0),
(251, 20250029, 41, '2', 0.0),
(252, 20250029, 41, '3', 0.0),
(253, 20250029, 33, '1', 0.0),
(254, 20250029, 33, '2', 0.0),
(255, 20250029, 33, '3', 0.0),
(256, 20250029, 42, '1', 0.0),
(257, 20250029, 42, '2', 0.0),
(258, 20250029, 42, '3', 0.0),
(259, 20250029, 24, '1', 0.0),
(260, 20250029, 24, '2', 0.0),
(261, 20250029, 24, '3', 0.0),
(262, 20250029, 43, '1', 0.0),
(263, 20250029, 43, '2', 0.0),
(264, 20250029, 43, '3', 0.0),
(265, 20250029, 15, '1', 0.0),
(266, 20250029, 15, '2', 0.0),
(267, 20250029, 15, '3', 0.0),
(268, 20250029, 11, '1', 0.0),
(269, 20250029, 11, '2', 0.0),
(270, 20250029, 11, '3', 0.0),
(271, 20250030, 45, '1', 0.0),
(272, 20250030, 45, '2', 0.0),
(273, 20250030, 45, '3', 0.0),
(274, 20250030, 44, '1', 0.0),
(275, 20250030, 44, '2', 0.0),
(276, 20250030, 44, '3', 0.0),
(277, 20250030, 41, '1', 0.0),
(278, 20250030, 41, '2', 0.0),
(279, 20250030, 41, '3', 0.0),
(280, 20250030, 33, '1', 0.0),
(281, 20250030, 33, '2', 0.0),
(282, 20250030, 33, '3', 0.0),
(283, 20250030, 42, '1', 0.0),
(284, 20250030, 42, '2', 0.0),
(285, 20250030, 42, '3', 0.0),
(286, 20250030, 24, '1', 0.0),
(287, 20250030, 24, '2', 0.0),
(288, 20250030, 24, '3', 0.0),
(289, 20250030, 43, '1', 0.0),
(290, 20250030, 43, '2', 0.0),
(291, 20250030, 43, '3', 0.0),
(292, 20250030, 15, '1', 0.0),
(293, 20250030, 15, '2', 0.0),
(294, 20250030, 15, '3', 0.0),
(295, 20250030, 11, '1', 0.0),
(296, 20250030, 11, '2', 0.0),
(297, 20250030, 11, '3', 0.0),
(298, 20250031, 45, '1', 0.0),
(299, 20250031, 45, '2', 0.0),
(300, 20250031, 45, '3', 0.0),
(301, 20250031, 44, '1', 0.0),
(302, 20250031, 44, '2', 0.0),
(303, 20250031, 44, '3', 0.0),
(304, 20250031, 41, '1', 0.0),
(305, 20250031, 41, '2', 0.0),
(306, 20250031, 41, '3', 0.0),
(307, 20250031, 33, '1', 0.0),
(308, 20250031, 33, '2', 0.0),
(309, 20250031, 33, '3', 0.0),
(310, 20250031, 42, '1', 0.0),
(311, 20250031, 42, '2', 0.0),
(312, 20250031, 42, '3', 0.0),
(313, 20250031, 24, '1', 0.0),
(314, 20250031, 24, '2', 0.0),
(315, 20250031, 24, '3', 0.0),
(316, 20250031, 43, '1', 0.0),
(317, 20250031, 43, '2', 0.0),
(318, 20250031, 43, '3', 0.0),
(319, 20250031, 15, '1', 0.0),
(320, 20250031, 15, '2', 0.0),
(321, 20250031, 15, '3', 0.0),
(322, 20250031, 11, '1', 0.0),
(323, 20250031, 11, '2', 0.0),
(324, 20250031, 11, '3', 0.0),
(325, 20250032, 45, '1', 0.0),
(326, 20250032, 45, '2', 0.0),
(327, 20250032, 45, '3', 0.0),
(328, 20250032, 44, '1', 0.0),
(329, 20250032, 44, '2', 0.0),
(330, 20250032, 44, '3', 0.0),
(331, 20250032, 41, '1', 0.0),
(332, 20250032, 41, '2', 0.0),
(333, 20250032, 41, '3', 0.0),
(334, 20250032, 33, '1', 0.0),
(335, 20250032, 33, '2', 0.0),
(336, 20250032, 33, '3', 0.0),
(337, 20250032, 42, '1', 0.0),
(338, 20250032, 42, '2', 0.0),
(339, 20250032, 42, '3', 0.0),
(340, 20250032, 24, '1', 0.0),
(341, 20250032, 24, '2', 0.0),
(342, 20250032, 24, '3', 0.0),
(343, 20250032, 43, '1', 0.0),
(344, 20250032, 43, '2', 0.0),
(345, 20250032, 43, '3', 0.0),
(346, 20250032, 15, '1', 0.0),
(347, 20250032, 15, '2', 0.0),
(348, 20250032, 15, '3', 0.0),
(349, 20250032, 11, '1', 0.0),
(350, 20250032, 11, '2', 0.0),
(351, 20250032, 11, '3', 0.0),
(352, 20250033, 45, '1', 0.0),
(353, 20250033, 45, '2', 0.0),
(354, 20250033, 45, '3', 0.0),
(355, 20250033, 44, '1', 0.0),
(356, 20250033, 44, '2', 0.0),
(357, 20250033, 44, '3', 0.0),
(358, 20250033, 41, '1', 0.0),
(359, 20250033, 41, '2', 0.0),
(360, 20250033, 41, '3', 0.0),
(361, 20250033, 33, '1', 0.0),
(362, 20250033, 33, '2', 0.0),
(363, 20250033, 33, '3', 0.0),
(364, 20250033, 42, '1', 0.0),
(365, 20250033, 42, '2', 0.0),
(366, 20250033, 42, '3', 0.0),
(367, 20250033, 24, '1', 0.0),
(368, 20250033, 24, '2', 0.0),
(369, 20250033, 24, '3', 0.0),
(370, 20250033, 43, '1', 0.0),
(371, 20250033, 43, '2', 0.0),
(372, 20250033, 43, '3', 0.0),
(373, 20250033, 15, '1', 0.0),
(374, 20250033, 15, '2', 0.0),
(375, 20250033, 15, '3', 0.0),
(376, 20250033, 11, '1', 0.0),
(377, 20250033, 11, '2', 0.0),
(378, 20250033, 11, '3', 0.0),
(379, 20250034, 45, '1', 0.0),
(380, 20250034, 45, '2', 0.0),
(381, 20250034, 45, '3', 0.0),
(382, 20250034, 44, '1', 0.0),
(383, 20250034, 44, '2', 0.0),
(384, 20250034, 44, '3', 0.0),
(385, 20250034, 41, '1', 0.0),
(386, 20250034, 41, '2', 0.0),
(387, 20250034, 41, '3', 0.0),
(388, 20250034, 33, '1', 0.0),
(389, 20250034, 33, '2', 0.0),
(390, 20250034, 33, '3', 0.0),
(391, 20250034, 42, '1', 0.0),
(392, 20250034, 42, '2', 0.0),
(393, 20250034, 42, '3', 0.0),
(394, 20250034, 24, '1', 0.0),
(395, 20250034, 24, '2', 0.0),
(396, 20250034, 24, '3', 0.0),
(397, 20250034, 43, '1', 0.0),
(398, 20250034, 43, '2', 0.0),
(399, 20250034, 43, '3', 0.0),
(400, 20250034, 15, '1', 0.0),
(401, 20250034, 15, '2', 0.0),
(402, 20250034, 15, '3', 0.0),
(403, 20250034, 11, '1', 0.0),
(404, 20250034, 11, '2', 0.0),
(405, 20250034, 11, '3', 0.0),
(406, 20250035, 45, '1', 0.0),
(407, 20250035, 45, '2', 0.0),
(408, 20250035, 45, '3', 0.0),
(409, 20250035, 44, '1', 0.0),
(410, 20250035, 44, '2', 0.0),
(411, 20250035, 44, '3', 0.0),
(412, 20250035, 41, '1', 0.0),
(413, 20250035, 41, '2', 0.0),
(414, 20250035, 41, '3', 0.0),
(415, 20250035, 33, '1', 0.0),
(416, 20250035, 33, '2', 0.0),
(417, 20250035, 33, '3', 0.0),
(418, 20250035, 42, '1', 0.0),
(419, 20250035, 42, '2', 0.0),
(420, 20250035, 42, '3', 0.0),
(421, 20250035, 24, '1', 0.0),
(422, 20250035, 24, '2', 0.0),
(423, 20250035, 24, '3', 0.0),
(424, 20250035, 43, '1', 0.0),
(425, 20250035, 43, '2', 0.0),
(426, 20250035, 43, '3', 0.0),
(427, 20250035, 15, '1', 0.0),
(428, 20250035, 15, '2', 0.0),
(429, 20250035, 15, '3', 0.0),
(430, 20250035, 11, '1', 0.0),
(431, 20250035, 11, '2', 0.0),
(432, 20250035, 11, '3', 0.0),
(433, 20250036, 45, '1', 0.0),
(434, 20250036, 45, '2', 0.0),
(435, 20250036, 45, '3', 0.0),
(436, 20250036, 44, '1', 0.0),
(437, 20250036, 44, '2', 0.0),
(438, 20250036, 44, '3', 0.0),
(439, 20250036, 41, '1', 0.0),
(440, 20250036, 41, '2', 0.0),
(441, 20250036, 41, '3', 0.0),
(442, 20250036, 33, '1', 0.0),
(443, 20250036, 33, '2', 0.0),
(444, 20250036, 33, '3', 0.0),
(445, 20250036, 42, '1', 0.0),
(446, 20250036, 42, '2', 0.0),
(447, 20250036, 42, '3', 0.0),
(448, 20250036, 24, '1', 0.0),
(449, 20250036, 24, '2', 0.0),
(450, 20250036, 24, '3', 0.0),
(451, 20250036, 43, '1', 0.0),
(452, 20250036, 43, '2', 0.0),
(453, 20250036, 43, '3', 0.0),
(454, 20250036, 15, '1', 0.0),
(455, 20250036, 15, '2', 0.0),
(456, 20250036, 15, '3', 0.0),
(457, 20250036, 11, '1', 0.0),
(458, 20250036, 11, '2', 0.0),
(459, 20250036, 11, '3', 0.0),
(460, 20250037, 45, '1', 0.0),
(461, 20250037, 45, '2', 0.0),
(462, 20250037, 45, '3', 0.0),
(463, 20250037, 44, '1', 0.0),
(464, 20250037, 44, '2', 0.0),
(465, 20250037, 44, '3', 0.0),
(466, 20250037, 41, '1', 0.0),
(467, 20250037, 41, '2', 0.0),
(468, 20250037, 41, '3', 0.0),
(469, 20250037, 33, '1', 0.0),
(470, 20250037, 33, '2', 0.0),
(471, 20250037, 33, '3', 0.0),
(472, 20250037, 42, '1', 0.0),
(473, 20250037, 42, '2', 0.0),
(474, 20250037, 42, '3', 0.0),
(475, 20250037, 24, '1', 0.0),
(476, 20250037, 24, '2', 0.0),
(477, 20250037, 24, '3', 0.0),
(478, 20250037, 43, '1', 0.0),
(479, 20250037, 43, '2', 0.0),
(480, 20250037, 43, '3', 0.0),
(481, 20250037, 15, '1', 0.0),
(482, 20250037, 15, '2', 0.0),
(483, 20250037, 15, '3', 0.0),
(484, 20250037, 11, '1', 0.0),
(485, 20250037, 11, '2', 0.0),
(486, 20250037, 11, '3', 0.0),
(487, 20250038, 45, '1', 0.0),
(488, 20250038, 45, '2', 0.0),
(489, 20250038, 45, '3', 0.0),
(490, 20250038, 44, '1', 0.0),
(491, 20250038, 44, '2', 0.0),
(492, 20250038, 44, '3', 0.0),
(493, 20250038, 41, '1', 0.0),
(494, 20250038, 41, '2', 0.0),
(495, 20250038, 41, '3', 0.0),
(496, 20250038, 33, '1', 0.0),
(497, 20250038, 33, '2', 0.0),
(498, 20250038, 33, '3', 0.0),
(499, 20250038, 42, '1', 0.0),
(500, 20250038, 42, '2', 0.0),
(501, 20250038, 42, '3', 0.0),
(502, 20250038, 24, '1', 0.0),
(503, 20250038, 24, '2', 0.0),
(504, 20250038, 24, '3', 0.0),
(505, 20250038, 43, '1', 0.0),
(506, 20250038, 43, '2', 0.0),
(507, 20250038, 43, '3', 0.0),
(508, 20250038, 15, '1', 0.0),
(509, 20250038, 15, '2', 0.0),
(510, 20250038, 15, '3', 0.0),
(511, 20250038, 11, '1', 0.0),
(512, 20250038, 11, '2', 0.0),
(513, 20250038, 11, '3', 0.0),
(514, 20250039, 45, '1', 0.0),
(515, 20250039, 45, '2', 0.0),
(516, 20250039, 45, '3', 0.0),
(517, 20250039, 44, '1', 0.0),
(518, 20250039, 44, '2', 0.0),
(519, 20250039, 44, '3', 0.0),
(520, 20250039, 41, '1', 0.0),
(521, 20250039, 41, '2', 0.0),
(522, 20250039, 41, '3', 0.0),
(523, 20250039, 33, '1', 0.0),
(524, 20250039, 33, '2', 0.0),
(525, 20250039, 33, '3', 0.0),
(526, 20250039, 42, '1', 0.0),
(527, 20250039, 42, '2', 0.0),
(528, 20250039, 42, '3', 0.0),
(529, 20250039, 24, '1', 0.0),
(530, 20250039, 24, '2', 0.0),
(531, 20250039, 24, '3', 0.0),
(532, 20250039, 43, '1', 0.0),
(533, 20250039, 43, '2', 0.0),
(534, 20250039, 43, '3', 0.0),
(535, 20250039, 15, '1', 0.0),
(536, 20250039, 15, '2', 0.0),
(537, 20250039, 15, '3', 0.0),
(538, 20250039, 11, '1', 0.0),
(539, 20250039, 11, '2', 0.0),
(540, 20250039, 11, '3', 0.0),
(541, 20250040, 45, '1', 0.0),
(542, 20250040, 45, '2', 0.0),
(543, 20250040, 45, '3', 0.0),
(544, 20250040, 44, '1', 0.0),
(545, 20250040, 44, '2', 0.0),
(546, 20250040, 44, '3', 0.0),
(547, 20250040, 41, '1', 0.0),
(548, 20250040, 41, '2', 0.0),
(549, 20250040, 41, '3', 0.0),
(550, 20250040, 33, '1', 0.0),
(551, 20250040, 33, '2', 0.0),
(552, 20250040, 33, '3', 0.0),
(553, 20250040, 42, '1', 0.0),
(554, 20250040, 42, '2', 0.0),
(555, 20250040, 42, '3', 0.0),
(556, 20250040, 24, '1', 0.0),
(557, 20250040, 24, '2', 0.0),
(558, 20250040, 24, '3', 0.0),
(559, 20250040, 43, '1', 0.0),
(560, 20250040, 43, '2', 0.0),
(561, 20250040, 43, '3', 0.0),
(562, 20250040, 15, '1', 0.0),
(563, 20250040, 15, '2', 0.0),
(564, 20250040, 15, '3', 0.0),
(565, 20250040, 11, '1', 0.0),
(566, 20250040, 11, '2', 0.0),
(567, 20250040, 11, '3', 0.0),
(568, 20250041, 45, '1', 0.0),
(569, 20250041, 45, '2', 0.0),
(570, 20250041, 45, '3', 0.0),
(571, 20250041, 44, '1', 0.0),
(572, 20250041, 44, '2', 0.0),
(573, 20250041, 44, '3', 0.0),
(574, 20250041, 41, '1', 0.0),
(575, 20250041, 41, '2', 0.0),
(576, 20250041, 41, '3', 0.0),
(577, 20250041, 33, '1', 0.0),
(578, 20250041, 33, '2', 0.0),
(579, 20250041, 33, '3', 0.0),
(580, 20250041, 42, '1', 0.0),
(581, 20250041, 42, '2', 0.0),
(582, 20250041, 42, '3', 0.0),
(583, 20250041, 24, '1', 0.0),
(584, 20250041, 24, '2', 0.0),
(585, 20250041, 24, '3', 0.0),
(586, 20250041, 43, '1', 0.0),
(587, 20250041, 43, '2', 0.0),
(588, 20250041, 43, '3', 0.0),
(589, 20250041, 15, '1', 0.0),
(590, 20250041, 15, '2', 0.0),
(591, 20250041, 15, '3', 0.0),
(592, 20250041, 11, '1', 0.0),
(593, 20250041, 11, '2', 0.0),
(594, 20250041, 11, '3', 0.0),
(595, 20250042, 45, '1', 0.0),
(596, 20250042, 45, '2', 0.0),
(597, 20250042, 45, '3', 0.0),
(598, 20250042, 44, '1', 0.0),
(599, 20250042, 44, '2', 0.0),
(600, 20250042, 44, '3', 0.0),
(601, 20250042, 41, '1', 0.0),
(602, 20250042, 41, '2', 0.0),
(603, 20250042, 41, '3', 0.0),
(604, 20250042, 33, '1', 0.0),
(605, 20250042, 33, '2', 0.0),
(606, 20250042, 33, '3', 0.0),
(607, 20250042, 42, '1', 0.0),
(608, 20250042, 42, '2', 0.0),
(609, 20250042, 42, '3', 0.0),
(610, 20250042, 24, '1', 0.0),
(611, 20250042, 24, '2', 0.0),
(612, 20250042, 24, '3', 0.0),
(613, 20250042, 43, '1', 0.0),
(614, 20250042, 43, '2', 0.0),
(615, 20250042, 43, '3', 0.0),
(616, 20250042, 15, '1', 0.0),
(617, 20250042, 15, '2', 0.0),
(618, 20250042, 15, '3', 0.0),
(619, 20250042, 11, '1', 0.0),
(620, 20250042, 11, '2', 0.0),
(621, 20250042, 11, '3', 0.0),
(622, 20250043, 45, '1', 0.0),
(623, 20250043, 45, '2', 0.0),
(624, 20250043, 45, '3', 0.0),
(625, 20250043, 44, '1', 0.0),
(626, 20250043, 44, '2', 0.0),
(627, 20250043, 44, '3', 0.0),
(628, 20250043, 41, '1', 0.0),
(629, 20250043, 41, '2', 0.0),
(630, 20250043, 41, '3', 0.0),
(631, 20250043, 33, '1', 0.0),
(632, 20250043, 33, '2', 0.0),
(633, 20250043, 33, '3', 0.0),
(634, 20250043, 42, '1', 0.0),
(635, 20250043, 42, '2', 0.0),
(636, 20250043, 42, '3', 0.0),
(637, 20250043, 24, '1', 0.0),
(638, 20250043, 24, '2', 0.0),
(639, 20250043, 24, '3', 0.0),
(640, 20250043, 43, '1', 0.0),
(641, 20250043, 43, '2', 0.0),
(642, 20250043, 43, '3', 0.0),
(643, 20250043, 15, '1', 0.0),
(644, 20250043, 15, '2', 0.0),
(645, 20250043, 15, '3', 0.0),
(646, 20250043, 11, '1', 0.0),
(647, 20250043, 11, '2', 0.0),
(648, 20250043, 11, '3', 0.0),
(649, 20250044, 45, '1', 0.0),
(650, 20250044, 45, '2', 0.0),
(651, 20250044, 45, '3', 0.0),
(652, 20250044, 44, '1', 0.0),
(653, 20250044, 44, '2', 0.0),
(654, 20250044, 44, '3', 0.0),
(655, 20250044, 41, '1', 0.0),
(656, 20250044, 41, '2', 0.0),
(657, 20250044, 41, '3', 0.0),
(658, 20250044, 33, '1', 0.0),
(659, 20250044, 33, '2', 0.0),
(660, 20250044, 33, '3', 0.0),
(661, 20250044, 42, '1', 0.0),
(662, 20250044, 42, '2', 0.0),
(663, 20250044, 42, '3', 0.0),
(664, 20250044, 24, '1', 0.0),
(665, 20250044, 24, '2', 0.0),
(666, 20250044, 24, '3', 0.0),
(667, 20250044, 43, '1', 0.0),
(668, 20250044, 43, '2', 0.0),
(669, 20250044, 43, '3', 0.0),
(670, 20250044, 15, '1', 0.0),
(671, 20250044, 15, '2', 0.0),
(672, 20250044, 15, '3', 0.0),
(673, 20250044, 11, '1', 0.0),
(674, 20250044, 11, '2', 0.0),
(675, 20250044, 11, '3', 0.0),
(676, 20250045, 45, '1', 0.0),
(677, 20250045, 45, '2', 0.0),
(678, 20250045, 45, '3', 0.0),
(679, 20250045, 44, '1', 0.0),
(680, 20250045, 44, '2', 0.0),
(681, 20250045, 44, '3', 0.0),
(682, 20250045, 41, '1', 0.0),
(683, 20250045, 41, '2', 0.0),
(684, 20250045, 41, '3', 0.0),
(685, 20250045, 33, '1', 0.0),
(686, 20250045, 33, '2', 0.0),
(687, 20250045, 33, '3', 0.0),
(688, 20250045, 42, '1', 0.0),
(689, 20250045, 42, '2', 0.0),
(690, 20250045, 42, '3', 0.0),
(691, 20250045, 24, '1', 0.0),
(692, 20250045, 24, '2', 0.0),
(693, 20250045, 24, '3', 0.0),
(694, 20250045, 43, '1', 0.0),
(695, 20250045, 43, '2', 0.0),
(696, 20250045, 43, '3', 0.0),
(697, 20250045, 15, '1', 0.0),
(698, 20250045, 15, '2', 0.0),
(699, 20250045, 15, '3', 0.0),
(700, 20250045, 11, '1', 0.0),
(701, 20250045, 11, '2', 0.0),
(702, 20250045, 11, '3', 0.0),
(703, 20250046, 45, '1', 0.0),
(704, 20250046, 45, '2', 0.0),
(705, 20250046, 45, '3', 0.0),
(706, 20250046, 44, '1', 0.0),
(707, 20250046, 44, '2', 0.0),
(708, 20250046, 44, '3', 0.0),
(709, 20250046, 41, '1', 0.0),
(710, 20250046, 41, '2', 0.0),
(711, 20250046, 41, '3', 0.0),
(712, 20250046, 33, '1', 0.0),
(713, 20250046, 33, '2', 0.0),
(714, 20250046, 33, '3', 0.0),
(715, 20250046, 42, '1', 0.0),
(716, 20250046, 42, '2', 0.0),
(717, 20250046, 42, '3', 0.0),
(718, 20250046, 24, '1', 0.0),
(719, 20250046, 24, '2', 0.0),
(720, 20250046, 24, '3', 0.0),
(721, 20250046, 43, '1', 0.0),
(722, 20250046, 43, '2', 0.0),
(723, 20250046, 43, '3', 0.0),
(724, 20250046, 15, '1', 0.0),
(725, 20250046, 15, '2', 0.0),
(726, 20250046, 15, '3', 0.0),
(727, 20250046, 11, '1', 0.0),
(728, 20250046, 11, '2', 0.0),
(729, 20250046, 11, '3', 0.0),
(730, 20250047, 45, '1', 0.0),
(731, 20250047, 45, '2', 0.0),
(732, 20250047, 45, '3', 0.0),
(733, 20250047, 44, '1', 0.0),
(734, 20250047, 44, '2', 0.0),
(735, 20250047, 44, '3', 0.0),
(736, 20250047, 41, '1', 0.0),
(737, 20250047, 41, '2', 0.0),
(738, 20250047, 41, '3', 0.0),
(739, 20250047, 33, '1', 0.0),
(740, 20250047, 33, '2', 0.0),
(741, 20250047, 33, '3', 0.0),
(742, 20250047, 42, '1', 0.0),
(743, 20250047, 42, '2', 0.0),
(744, 20250047, 42, '3', 0.0),
(745, 20250047, 24, '1', 0.0),
(746, 20250047, 24, '2', 0.0),
(747, 20250047, 24, '3', 0.0),
(748, 20250047, 43, '1', 0.0),
(749, 20250047, 43, '2', 0.0),
(750, 20250047, 43, '3', 0.0),
(751, 20250047, 15, '1', 0.0),
(752, 20250047, 15, '2', 0.0),
(753, 20250047, 15, '3', 0.0),
(754, 20250047, 11, '1', 0.0),
(755, 20250047, 11, '2', 0.0),
(756, 20250047, 11, '3', 0.0),
(757, 20250048, 45, '1', 0.0),
(758, 20250048, 45, '2', 0.0),
(759, 20250048, 45, '3', 0.0),
(760, 20250048, 44, '1', 0.0),
(761, 20250048, 44, '2', 0.0),
(762, 20250048, 44, '3', 0.0),
(763, 20250048, 41, '1', 0.0),
(764, 20250048, 41, '2', 0.0),
(765, 20250048, 41, '3', 0.0),
(766, 20250048, 33, '1', 0.0),
(767, 20250048, 33, '2', 0.0),
(768, 20250048, 33, '3', 0.0),
(769, 20250048, 42, '1', 0.0),
(770, 20250048, 42, '2', 0.0),
(771, 20250048, 42, '3', 0.0),
(772, 20250048, 24, '1', 0.0),
(773, 20250048, 24, '2', 0.0),
(774, 20250048, 24, '3', 0.0),
(775, 20250048, 43, '1', 0.0),
(776, 20250048, 43, '2', 0.0),
(777, 20250048, 43, '3', 0.0),
(778, 20250048, 15, '1', 0.0),
(779, 20250048, 15, '2', 0.0),
(780, 20250048, 15, '3', 0.0),
(781, 20250048, 11, '1', 0.0),
(782, 20250048, 11, '2', 0.0),
(783, 20250048, 11, '3', 0.0),
(784, 20250049, 45, '1', 0.0),
(785, 20250049, 45, '2', 0.0),
(786, 20250049, 45, '3', 0.0),
(787, 20250049, 44, '1', 0.0),
(788, 20250049, 44, '2', 0.0),
(789, 20250049, 44, '3', 0.0),
(790, 20250049, 41, '1', 0.0),
(791, 20250049, 41, '2', 0.0),
(792, 20250049, 41, '3', 0.0),
(793, 20250049, 33, '1', 0.0),
(794, 20250049, 33, '2', 0.0),
(795, 20250049, 33, '3', 0.0),
(796, 20250049, 42, '1', 0.0),
(797, 20250049, 42, '2', 0.0),
(798, 20250049, 42, '3', 0.0),
(799, 20250049, 24, '1', 0.0),
(800, 20250049, 24, '2', 0.0),
(801, 20250049, 24, '3', 0.0),
(802, 20250049, 43, '1', 0.0),
(803, 20250049, 43, '2', 0.0),
(804, 20250049, 43, '3', 0.0),
(805, 20250049, 15, '1', 0.0),
(806, 20250049, 15, '2', 0.0),
(807, 20250049, 15, '3', 0.0),
(808, 20250049, 11, '1', 0.0),
(809, 20250049, 11, '2', 0.0),
(810, 20250049, 11, '3', 0.0),
(811, 20250050, 45, '1', 0.0),
(812, 20250050, 45, '2', 0.0),
(813, 20250050, 45, '3', 0.0),
(814, 20250050, 44, '1', 0.0),
(815, 20250050, 44, '2', 0.0),
(816, 20250050, 44, '3', 0.0),
(817, 20250050, 41, '1', 0.0),
(818, 20250050, 41, '2', 0.0),
(819, 20250050, 41, '3', 0.0),
(820, 20250050, 33, '1', 0.0),
(821, 20250050, 33, '2', 0.0),
(822, 20250050, 33, '3', 0.0),
(823, 20250050, 42, '1', 0.0),
(824, 20250050, 42, '2', 0.0),
(825, 20250050, 42, '3', 0.0),
(826, 20250050, 24, '1', 0.0),
(827, 20250050, 24, '2', 0.0),
(828, 20250050, 24, '3', 0.0),
(829, 20250050, 43, '1', 0.0),
(830, 20250050, 43, '2', 0.0),
(831, 20250050, 43, '3', 0.0),
(832, 20250050, 15, '1', 0.0),
(833, 20250050, 15, '2', 0.0),
(834, 20250050, 15, '3', 0.0),
(835, 20250050, 11, '1', 0.0),
(836, 20250050, 11, '2', 0.0),
(837, 20250050, 11, '3', 0.0),
(838, 20250051, 45, '1', 0.0),
(839, 20250051, 45, '2', 0.0),
(840, 20250051, 45, '3', 0.0),
(841, 20250051, 44, '1', 0.0),
(842, 20250051, 44, '2', 0.0),
(843, 20250051, 44, '3', 0.0),
(844, 20250051, 41, '1', 0.0),
(845, 20250051, 41, '2', 0.0),
(846, 20250051, 41, '3', 0.0),
(847, 20250051, 33, '1', 0.0),
(848, 20250051, 33, '2', 0.0),
(849, 20250051, 33, '3', 0.0),
(850, 20250051, 42, '1', 0.0),
(851, 20250051, 42, '2', 0.0),
(852, 20250051, 42, '3', 0.0),
(853, 20250051, 24, '1', 0.0),
(854, 20250051, 24, '2', 0.0),
(855, 20250051, 24, '3', 0.0),
(856, 20250051, 43, '1', 0.0),
(857, 20250051, 43, '2', 0.0),
(858, 20250051, 43, '3', 0.0),
(859, 20250051, 15, '1', 0.0),
(860, 20250051, 15, '2', 0.0),
(861, 20250051, 15, '3', 0.0),
(862, 20250051, 11, '1', 0.0),
(863, 20250051, 11, '2', 0.0),
(864, 20250051, 11, '3', 0.0),
(865, 20250052, 45, '1', 0.0),
(866, 20250052, 45, '2', 0.0),
(867, 20250052, 45, '3', 0.0),
(868, 20250052, 44, '1', 0.0),
(869, 20250052, 44, '2', 0.0),
(870, 20250052, 44, '3', 0.0),
(871, 20250052, 41, '1', 0.0),
(872, 20250052, 41, '2', 0.0),
(873, 20250052, 41, '3', 0.0),
(874, 20250052, 33, '1', 0.0),
(875, 20250052, 33, '2', 0.0),
(876, 20250052, 33, '3', 0.0),
(877, 20250052, 42, '1', 0.0),
(878, 20250052, 42, '2', 0.0),
(879, 20250052, 42, '3', 0.0),
(880, 20250052, 24, '1', 0.0),
(881, 20250052, 24, '2', 0.0),
(882, 20250052, 24, '3', 0.0),
(883, 20250052, 43, '1', 0.0),
(884, 20250052, 43, '2', 0.0),
(885, 20250052, 43, '3', 0.0),
(886, 20250052, 15, '1', 0.0),
(887, 20250052, 15, '2', 0.0),
(888, 20250052, 15, '3', 0.0),
(889, 20250052, 11, '1', 0.0),
(890, 20250052, 11, '2', 0.0),
(891, 20250052, 11, '3', 0.0),
(892, 20250053, 45, '1', 0.0),
(893, 20250053, 45, '2', 0.0),
(894, 20250053, 45, '3', 0.0),
(895, 20250053, 44, '1', 0.0),
(896, 20250053, 44, '2', 0.0),
(897, 20250053, 44, '3', 0.0),
(898, 20250053, 41, '1', 0.0),
(899, 20250053, 41, '2', 0.0),
(900, 20250053, 41, '3', 0.0),
(901, 20250053, 33, '1', 0.0),
(902, 20250053, 33, '2', 0.0),
(903, 20250053, 33, '3', 0.0),
(904, 20250053, 42, '1', 0.0),
(905, 20250053, 42, '2', 0.0),
(906, 20250053, 42, '3', 0.0),
(907, 20250053, 24, '1', 0.0),
(908, 20250053, 24, '2', 0.0),
(909, 20250053, 24, '3', 0.0),
(910, 20250053, 43, '1', 0.0),
(911, 20250053, 43, '2', 0.0),
(912, 20250053, 43, '3', 0.0),
(913, 20250053, 15, '1', 0.0),
(914, 20250053, 15, '2', 0.0),
(915, 20250053, 15, '3', 0.0),
(916, 20250053, 11, '1', 0.0),
(917, 20250053, 11, '2', 0.0),
(918, 20250053, 11, '3', 0.0),
(919, 20250054, 45, '1', 0.0),
(920, 20250054, 45, '2', 0.0),
(921, 20250054, 45, '3', 0.0),
(922, 20250054, 44, '1', 0.0),
(923, 20250054, 44, '2', 0.0),
(924, 20250054, 44, '3', 0.0),
(925, 20250054, 41, '1', 0.0),
(926, 20250054, 41, '2', 0.0),
(927, 20250054, 41, '3', 0.0),
(928, 20250054, 33, '1', 0.0),
(929, 20250054, 33, '2', 0.0),
(930, 20250054, 33, '3', 0.0),
(931, 20250054, 42, '1', 0.0),
(932, 20250054, 42, '2', 0.0),
(933, 20250054, 42, '3', 0.0),
(934, 20250054, 24, '1', 0.0),
(935, 20250054, 24, '2', 0.0),
(936, 20250054, 24, '3', 0.0),
(937, 20250054, 43, '1', 0.0),
(938, 20250054, 43, '2', 0.0),
(939, 20250054, 43, '3', 0.0),
(940, 20250054, 15, '1', 0.0),
(941, 20250054, 15, '2', 0.0),
(942, 20250054, 15, '3', 0.0),
(943, 20250054, 11, '1', 0.0),
(944, 20250054, 11, '2', 0.0),
(945, 20250054, 11, '3', 0.0),
(946, 20250055, 45, '1', 0.0),
(947, 20250055, 45, '2', 0.0),
(948, 20250055, 45, '3', 0.0),
(949, 20250055, 44, '1', 0.0),
(950, 20250055, 44, '2', 0.0),
(951, 20250055, 44, '3', 0.0),
(952, 20250055, 41, '1', 0.0),
(953, 20250055, 41, '2', 0.0),
(954, 20250055, 41, '3', 0.0),
(955, 20250055, 33, '1', 0.0),
(956, 20250055, 33, '2', 0.0),
(957, 20250055, 33, '3', 0.0),
(958, 20250055, 42, '1', 0.0),
(959, 20250055, 42, '2', 0.0),
(960, 20250055, 42, '3', 0.0),
(961, 20250055, 24, '1', 0.0),
(962, 20250055, 24, '2', 0.0),
(963, 20250055, 24, '3', 0.0),
(964, 20250055, 43, '1', 0.0),
(965, 20250055, 43, '2', 0.0),
(966, 20250055, 43, '3', 0.0),
(967, 20250055, 15, '1', 0.0),
(968, 20250055, 15, '2', 0.0),
(969, 20250055, 15, '3', 0.0),
(970, 20250055, 11, '1', 0.0),
(971, 20250055, 11, '2', 0.0),
(972, 20250055, 11, '3', 0.0);

-- --------------------------------------------------------

--
-- Estructura de tabla para la tabla `falta`
--

CREATE TABLE `falta` (
  `id_falta` int(11) NOT NULL,
  `id_alumno` int(11) DEFAULT NULL,
  `id_asignatura` int(11) DEFAULT NULL,
  `fecha_falta` date DEFAULT NULL,
  `justificada` tinyint(1) DEFAULT 0
) ENGINE=InnoDB DEFAULT CHARSET=utf8mb4 COLLATE=utf8mb4_general_ci;

-- --------------------------------------------------------

--
-- Estructura de tabla para la tabla `grupos`
--

CREATE TABLE `grupos` (
  `id_grupo` int(11) NOT NULL,
  `grado` int(11) DEFAULT NULL,
  `grupo` varchar(2) DEFAULT NULL,
  `alumnos_inscritos` int(11) DEFAULT 0,
  `id_tutor` int(11) DEFAULT NULL
) ENGINE=InnoDB DEFAULT CHARSET=utf8mb4 COLLATE=utf8mb4_general_ci;

--
-- Volcado de datos para la tabla `grupos`
--

INSERT INTO `grupos` (`id_grupo`, `grado`, `grupo`, `alumnos_inscritos`, `id_tutor`) VALUES
(1, 2, 'A', 0, 20250014),
(2, 2, 'B', 0, 20250008),
(3, 2, 'C', 0, 20250017),
(4, 4, 'A', 0, 20250007),
(5, 4, 'B', 0, 20250010),
(6, 3, 'C', 0, 20250015),
(7, 6, 'A', 0, 20250009),
(8, 6, 'B', 36, 20250001),
(9, 6, 'C', 0, 20250005);

-- --------------------------------------------------------

--
-- Estructura de tabla para la tabla `horarios`
--

CREATE TABLE `horarios` (
  `id_horario` int(11) NOT NULL,
  `dia` varchar(20) DEFAULT NULL,
  `horaInicio` time DEFAULT NULL,
  `horaFin` time DEFAULT NULL,
  `id_asignatura` int(11) DEFAULT NULL,
  `id_grupo` int(11) DEFAULT NULL,
  `id_profesor` int(11) DEFAULT NULL
) ENGINE=InnoDB DEFAULT CHARSET=utf8mb4 COLLATE=utf8mb4_general_ci;

--
-- Volcado de datos para la tabla `horarios`
--

INSERT INTO `horarios` (`id_horario`, `dia`, `horaInicio`, `horaFin`, `id_asignatura`, `id_grupo`, `id_profesor`) VALUES
(1, 'Lunes', '13:10:00', '14:50:00', 41, 8, 20250001),
(2, 'Lunes', '14:50:00', '16:30:00', 42, 8, 20250006),
(3, 'Lunes', '17:00:00', '17:50:00', 43, 8, 20250002),
(4, 'Lunes', '17:50:00', '19:30:00', 24, 8, 20250014),
(5, 'Martes', '13:10:00', '14:50:00', 44, 8, 20250016),
(6, 'Martes', '14:50:00', '16:30:00', 41, 8, 20250001),
(7, 'Martes', '17:00:00', '17:50:00', 33, 8, 20250013),
(8, 'Martes', '17:50:00', '18:40:00', 15, 8, 20250018),
(9, 'Miercoles', '13:10:00', '14:50:00', 43, 8, 20250002),
(10, 'Miercoles', '14:50:00', '16:30:00', 33, 8, 20250013),
(11, 'Miercoles', '17:00:00', '17:50:00', 45, 8, 20250001),
(12, 'Jueves', '13:10:00', '14:00:00', 11, 8, 20250001),
(13, 'Jueves', '14:00:00', '14:50:00', 42, 8, 20250006),
(14, 'Jueves', '14:50:00', '16:30:00', 43, 8, 20250002),
(15, 'Jueves', '17:00:00', '17:50:00', 15, 8, 20250018),
(16, 'Jueves', '17:50:00', '18:40:00', 33, 8, 20250013),
(17, 'Viernes', '13:10:00', '14:50:00', 24, 8, 20250014),
(18, 'Viernes', '14:50:00', '16:30:00', 45, 8, 20250001),
(19, 'Viernes', '17:50:00', '18:40:00', 41, 8, 20250001),
(20, 'Viernes', '18:40:00', '19:30:00', 15, 8, 20250018),
(21, 'Lunes', '13:10:00', '14:00:00', 45, 1, 20250003),
(22, 'Martes', '13:10:00', '14:00:00', 45, 1, 20250003),
(23, 'Miércoles', '13:10:00', '14:00:00', 45, 1, 20250003);

-- --------------------------------------------------------

--
-- Estructura de tabla para la tabla `justificantes`
--

CREATE TABLE `justificantes` (
  `id_justificante` int(11) NOT NULL,
  `id_alumno` int(11) DEFAULT NULL,
  `fecha_justificar` date DEFAULT NULL,
  `estado` enum('pendiente','aprobado','rechazado') DEFAULT 'pendiente',
  `motivo` text DEFAULT NULL
) ENGINE=InnoDB DEFAULT CHARSET=utf8mb4 COLLATE=utf8mb4_general_ci;

-- --------------------------------------------------------

--
-- Estructura de tabla para la tabla `sabatinos`
--

CREATE TABLE `sabatinos` (
  `id_asistencia_sabatino` int(11) NOT NULL,
  `id_alumno` int(11) DEFAULT NULL,
  `fecha_asistencia` date DEFAULT NULL
) ENGINE=InnoDB DEFAULT CHARSET=utf8mb4 COLLATE=utf8mb4_general_ci;

-- --------------------------------------------------------

--
-- Estructura de tabla para la tabla `usuarios`
--

CREATE TABLE `usuarios` (
  `id_usuario` int(11) NOT NULL,
  `nombre` varchar(50) NOT NULL,
  `apellidos` varchar(100) NOT NULL,
  `usuario` varchar(50) NOT NULL,
  `contraseña` varchar(255) NOT NULL,
  `tipo_usuario` enum('alumno','profesor','administrador','profesor_sabatino') NOT NULL,
  `email` varchar(100) NOT NULL
) ENGINE=InnoDB DEFAULT CHARSET=utf8mb4 COLLATE=utf8mb4_general_ci;

--
-- Volcado de datos para la tabla `usuarios`
--

INSERT INTO `usuarios` (`id_usuario`, `nombre`, `apellidos`, `usuario`, `contraseña`, `tipo_usuario`, `email`) VALUES
(2025, 'Griselda Lilián', 'López Eusebio', '20250000', 'Gr15e', 'administrador', 'griselda@costalegre.mx'),
(20250001, 'Angel', 'Ordóñez Ayala', '20250001', 'aNg3L', 'profesor_sabatino', 'aordoñez0@costalegre.mx'),
(20250002, 'Hugo César', 'Ponce Suárez', '20250002', 'HuGo7', 'profesor', 'hponce0@costalegre.mx'),
(20250003, 'Elba', 'Álvarez Sánchez', '20250003', 'ElB4a', 'profesor', 'ealvarez0@costalegre.mx'),
(20250004, 'Fabiola', 'Arreola Cabrera', '20250004', 'FAbI5', 'profesor', 'farreola0@costalegre.mx'),
(20250005, 'Roberto', 'Atilano Coral', '20250005', 'RoB3R', 'profesor', 'ratilano0@costalegre.mx'),
(20250006, 'Cristina del Rocío', 'Barragán García', '20250006', 'CrIs6', 'profesor', 'cbarragan0@costalegre.mx'),
(20250007, 'Pedro', 'de la Cruz Santana', '20250007', 'PeDr0', 'profesor', 'pdelacruz0@costalegre.mx'),
(20250008, 'Francisco', 'Espinoza Jiménez', '20250008', 'FrAn8', 'profesor', 'fespinoza0@costalegre.mx'),
(20250009, 'Samuel', 'Jiménez Ochoa', '20250009', 'SaMu9', 'profesor', 'sjimenez0@costalegre.mx'),
(20250010, 'Nélida María', 'Martínez Benítez', '20250010', 'NeL1D', 'profesor', 'nmartinez0@costalegre.mx'),
(20250011, 'Teresa Evangelina', 'Martínez Díaz', '20250011', 'TeRe2', 'profesor', 'tmartinez0@costalegre.mx'),
(20250012, 'César Octavio', 'Moreno Zúñiga', '20250012', 'CeSaR', 'profesor', 'cmoreno0@costalegre.mx'),
(20250013, 'Maribel', 'Navarro Alcaraz', '20250013', 'MaR1B', 'profesor', 'mnavarro0@costalegre.mx'),
(20250014, 'Daniel', 'Ochoa Torres', '20250014', 'DaNi3', 'profesor', 'dochoa0@costalegre.mx'),
(20250015, 'Saida Jeanette', 'Pimentel Alcaraz', '20250015', 'SaIdA', 'profesor', 'spimentel0@costalegre.mx'),
(20250016, 'Carlos Aguilar', 'Montes de Oca', '20250016', 'CaRl0', 'profesor', 'cmontes@costalegre.mx'),
(20250017, 'Salvador', 'Vigil García', '20250017', 'SaLvA', 'profesor', 'svigil0@costalegre.mx'),
(20250018, 'Azhalamm Esauh', 'López Arellano', '20250018', 'AzHaL', 'profesor', 'azhalamm0@costalegre.mx'),
(20250019, 'Salvador', 'Armenta Villalba', '20250019', '5ALv4', 'profesor', 'sarmenta0@costalegre.mx'),
(20250020, 'Luis Emmyrt', 'Ávila Aguilar', '20250020', 'LuIs7', 'alumno', 'lavila0@costalegre.mx'),
(20250021, 'Alondra Yatziri', 'Alvarado Trinidad', '20250021', 'AlOn6', 'alumno', 'aalvarado0@costalegre.mx'),
(20250022, 'Kevin Osvaldo', 'Barajas Anaya', '20250022', 'KeVi8', 'alumno', 'kbarajas0@costalegre.mx'),
(20250023, 'Perla Rubí', 'Barajas Torres', '20250023', 'PeRl9', 'alumno', 'pbarajas0@costalegre.mx'),
(20250024, 'Diego Alejandro', 'Batista Mercado', '20250024', 'DiEg1', 'alumno', 'dbatista0@costalegre.mx'),
(20250025, 'Jorge Omar', 'Cabrera Guzmán', '20250025', 'JoRg2', 'alumno', 'jcabrera0@costalegre.mx'),
(20250026, 'Pablo Emiliano', 'Cueva', '20250026', 'PaBl3', 'alumno', 'pcueva0@costalegre.mx'),
(20250027, 'Leonardo', 'Espinosa Maya', '20250027', 'LeO4N', 'alumno', 'lespinosa0@costalegre.mx'),
(20250028, 'Dylan Xochtiel', 'Espinosa Zamora', '20250028', 'DyLa5', 'alumno', 'despinoza0@costalegre.mx'),
(20250029, 'Mónica Daniela', 'Flores Pérez', '20250029', 'MoNi6', 'alumno', 'mflores0@costalegre.mx'),
(20250030, 'Camila ', 'Gaitán Guzmán', '20250030', 'CaMi7', 'alumno', 'cgaitan0@costalegre.mx'),
(20250031, 'Noé Emmanuel', 'González Álvarez', '20250031', 'NoE8M', 'alumno', 'ngonzalez0@costalegre.mx'),
(20250032, 'Cesar Said', 'González Santos', '20250032', 'CeSa9', 'alumno', 'cgonzalez0@costalegre.mx'),
(20250033, 'Jose Luis', 'Jiménez Andrés', '20250033', 'JoSe1', 'alumno', 'jjimenez0@costalegre.mx'),
(20250034, 'Brayan', 'López Navarrete', '20250034', 'BrAy2', 'alumno', 'blopez0@costalegre.mx'),
(20250035, 'Álvaro Omar', 'Lua García', '20250035', 'AlVa3', 'alumno', 'alua0@costalegre.mx'),
(20250036, 'Eduardo', 'Michel Magaña', '20250036', 'EdU7A', 'alumno', 'emagana0@costalegre.mx'),
(20250037, 'Bryan Jose', 'Maldonado Pérez', '20250037', 'BrYa4', 'alumno', 'bmaldonado0@costalegre.mx'),
(20250038, 'Dagoberto', 'Marmolejo Jiménez', '20250038', 'DaGo5', 'alumno', 'dmarmolejo0@costalegre.mx'),
(20250039, 'Jorge', 'Medina Martínez', '20250039', 'JoRg6', 'alumno', 'jmedina0@costalegre.mx'),
(20250040, 'Robert Benjamin', 'Monroy Reyes', '20250040', 'RoBe8', 'alumno', 'rmonroy0@costalegre.mx'),
(20250041, 'Christopher Rabindranath', 'Morales Herrera', '20250041', 'ChRi5', 'alumno', 'cmorales0@costalegre.mx'),
(20250042, 'Cristina', 'Murillo Sánchez', '20250042', 'CrIs9', 'alumno', 'cmurillo0@costalegre.mx'),
(20250043, 'Joel Ernesto', 'Núñez Sedano', '20250043', 'JoEl1', 'alumno', 'jnunez0@costalegre.mx'),
(20250044, 'Ana Fernanda', 'Padilla Ruíz', '20250044', 'AnA2F', 'alumno', 'apadilla0@costalegre.mx'),
(20250045, 'Sergio Gamaliel', 'Palomares Ruíz', '20250045', 'SeRg3', 'alumno', 'spalomares0@costalegre.mx'),
(20250046, 'Ángel', 'Paz Zamora', '20250046', 'AnGe4', 'alumno', 'apaz0@costalegre.mx'),
(20250047, 'Luis Ángel', 'Preciado Ramos', '20250047', 'LuIs5', 'alumno', 'lpreciado0@costalegre.mx'),
(20250048, 'Marianna Itandehui', 'Ramírez Figueroa', '20250048', 'MaRi6', 'alumno', 'mramirez0@costalegre.mx'),
(20250049, 'Juan Ramón', 'Rodríguez Chávez', '20250049', 'JuAn7', 'alumno', 'jrodriguez0@costalegre.mx'),
(20250050, 'Cesar Alejandro', 'Rodríguez López', '20250050', 'CeSa8', 'alumno', 'crodriguez0@costalegre.mx'),
(20250051, 'Mateo', 'Rodríguez Robles', '20250051', 'MaTe9', 'alumno', 'mrodriguez0@costalegre.mx'),
(20250052, 'Julian Eduardo', 'Ruvalcaba Segura', '20250052', 'JuLi1', 'alumno', 'jruvalcaba0@costalegre.mx'),
(20250053, 'Luis Mauricio', 'Silva de Loera', '20250053', 'LuIs2', 'alumno', 'lsilva0@costalegre.mx'),
(20250054, 'Isis Ofelia', 'Torres Godoy', '20250054', 'IsIs3', 'alumno', 'itorres0@costalegre.mx'),
(20250055, 'Mauricio', 'Zaizar Velasco', '20250055', 'MaUr4', 'alumno', 'mzaizar0@costalegre.mx');

--
-- Índices para tablas volcadas
--

--
-- Indices de la tabla `alumnos`
--
ALTER TABLE `alumnos`
  ADD PRIMARY KEY (`id_alumno`),
  ADD KEY `id_grupo` (`id_grupo`);

--
-- Indices de la tabla `asignaturas`
--
ALTER TABLE `asignaturas`
  ADD PRIMARY KEY (`id_asignatura`);

--
-- Indices de la tabla `calificaciones`
--
ALTER TABLE `calificaciones`
  ADD PRIMARY KEY (`id_calificacion`),
  ADD KEY `id_alumno` (`id_alumno`),
  ADD KEY `id_asignatura` (`id_asignatura`);

--
-- Indices de la tabla `falta`
--
ALTER TABLE `falta`
  ADD PRIMARY KEY (`id_falta`),
  ADD KEY `id_alumno` (`id_alumno`),
  ADD KEY `id_asignatura` (`id_asignatura`);

--
-- Indices de la tabla `grupos`
--
ALTER TABLE `grupos`
  ADD PRIMARY KEY (`id_grupo`),
  ADD KEY `id_tutor` (`id_tutor`);

--
-- Indices de la tabla `horarios`
--
ALTER TABLE `horarios`
  ADD PRIMARY KEY (`id_horario`),
  ADD KEY `id_asignatura` (`id_asignatura`),
  ADD KEY `id_grupo` (`id_grupo`),
  ADD KEY `id_profesor` (`id_profesor`);

--
-- Indices de la tabla `justificantes`
--
ALTER TABLE `justificantes`
  ADD PRIMARY KEY (`id_justificante`),
  ADD KEY `id_alumno` (`id_alumno`);

--
-- Indices de la tabla `sabatinos`
--
ALTER TABLE `sabatinos`
  ADD PRIMARY KEY (`id_asistencia_sabatino`),
  ADD KEY `id_alumno` (`id_alumno`);

--
-- Indices de la tabla `usuarios`
--
ALTER TABLE `usuarios`
  ADD PRIMARY KEY (`id_usuario`),
  ADD UNIQUE KEY `usuario` (`usuario`),
  ADD UNIQUE KEY `email` (`email`);

--
-- AUTO_INCREMENT de las tablas volcadas
--

--
-- AUTO_INCREMENT de la tabla `asignaturas`
--
ALTER TABLE `asignaturas`
  MODIFY `id_asignatura` int(11) NOT NULL AUTO_INCREMENT, AUTO_INCREMENT=49;

--
-- AUTO_INCREMENT de la tabla `calificaciones`
--
ALTER TABLE `calificaciones`
  MODIFY `id_calificacion` int(11) NOT NULL AUTO_INCREMENT, AUTO_INCREMENT=973;

--
-- AUTO_INCREMENT de la tabla `falta`
--
ALTER TABLE `falta`
  MODIFY `id_falta` int(11) NOT NULL AUTO_INCREMENT;

--
-- AUTO_INCREMENT de la tabla `grupos`
--
ALTER TABLE `grupos`
  MODIFY `id_grupo` int(11) NOT NULL AUTO_INCREMENT, AUTO_INCREMENT=10;

--
-- AUTO_INCREMENT de la tabla `horarios`
--
ALTER TABLE `horarios`
  MODIFY `id_horario` int(11) NOT NULL AUTO_INCREMENT, AUTO_INCREMENT=24;

--
-- AUTO_INCREMENT de la tabla `justificantes`
--
ALTER TABLE `justificantes`
  MODIFY `id_justificante` int(11) NOT NULL AUTO_INCREMENT;

--
-- AUTO_INCREMENT de la tabla `sabatinos`
--
ALTER TABLE `sabatinos`
  MODIFY `id_asistencia_sabatino` int(11) NOT NULL AUTO_INCREMENT;

--
-- AUTO_INCREMENT de la tabla `usuarios`
--
ALTER TABLE `usuarios`
  MODIFY `id_usuario` int(11) NOT NULL AUTO_INCREMENT, AUTO_INCREMENT=20250056;

--
-- Restricciones para tablas volcadas
--

-- 
-- Filtros para la tabla `alumnos`
--
ALTER TABLE `alumnos`
  ADD CONSTRAINT `alumnos_ibfk_1` FOREIGN KEY (`id_grupo`) REFERENCES `grupos` (`id_grupo`) ON DELETE CASCADE,
  ADD CONSTRAINT `alumnos_ibfk_2` FOREIGN KEY (`id_alumno`) REFERENCES `usuarios` (`id_usuario`) ON DELETE CASCADE;

--
-- Filtros para la tabla `calificaciones`
--
ALTER TABLE `calificaciones`
  ADD CONSTRAINT `calificaciones_ibfk_1` FOREIGN KEY (`id_alumno`) REFERENCES `alumnos` (`id_alumno`) ON DELETE CASCADE,
  ADD CONSTRAINT `calificaciones_ibfk_2` FOREIGN KEY (`id_asignatura`) REFERENCES `asignaturas` (`id_asignatura`) ON DELETE CASCADE;

--
-- Filtros para la tabla `falta`
--
ALTER TABLE `falta`
  ADD CONSTRAINT `falta_ibfk_1` FOREIGN KEY (`id_alumno`) REFERENCES `alumnos` (`id_alumno`) ON DELETE CASCADE,
  ADD CONSTRAINT `falta_ibfk_2` FOREIGN KEY (`id_asignatura`) REFERENCES `asignaturas` (`id_asignatura`) ON DELETE CASCADE;

--
-- Filtros para la tabla `grupos`
--
ALTER TABLE `grupos`
  ADD CONSTRAINT `grupos_ibfk_1` FOREIGN KEY (`id_tutor`) REFERENCES `usuarios` (`id_usuario`) ON DELETE SET NULL;

--
-- Filtros para la tabla `horarios`
--
ALTER TABLE `horarios`
  ADD CONSTRAINT `horarios_ibfk_1` FOREIGN KEY (`id_asignatura`) REFERENCES `asignaturas` (`id_asignatura`) ON DELETE CASCADE,
  ADD CONSTRAINT `horarios_ibfk_2` FOREIGN KEY (`id_grupo`) REFERENCES `grupos` (`id_grupo`) ON DELETE CASCADE,
  ADD CONSTRAINT `horarios_ibfk_3` FOREIGN KEY (`id_profesor`) REFERENCES `usuarios` (`id_usuario`);

--
-- Filtros para la tabla `justificantes`
--
ALTER TABLE `justificantes`
  ADD CONSTRAINT `justificantes_ibfk_1` FOREIGN KEY (`id_alumno`) REFERENCES `alumnos` (`id_alumno`) ON DELETE CASCADE;

--
-- Filtros para la tabla `sabatinos`
--
ALTER TABLE `sabatinos`
  ADD CONSTRAINT `sabatinos_ibfk_1` FOREIGN KEY (`id_alumno`) REFERENCES `alumnos` (`id_alumno`) ON DELETE CASCADE;
COMMIT;
/*!40101 SET CHARACTER_SET_CLIENT=@OLD_CHARACTER_SET_CLIENT */;
/*!40101 SET CHARACTER_SET_RESULTS=@OLD_CHARACTER_SET_RESULTS */;
/*!40101 SET COLLATION_CONNECTION=@OLD_COLLATION_CONNECTION */;
